,앱이름,아이디,리뷰,별점,날짜
0,스타듀 밸리 Stardew Valley,연치_YeonCh,진짜 너무 좋은데 폰 멀티 좀ㅠㅠㅠ 대체 언제 업데이트가 되는건지 너무 안타까워요ㅠㅠㅠㅠ 멀티 기능 만들기가 어려운건 당연히 알지만 이 게임 구매한지 2년이 다 되어 가는데 아직도 멀티가 안 나온건 좀... 아쉽네요...😢 멀티 플레이 기능 좀...😭😭 그래도 시간 때우기 정말 좋은 게임이고 재밌습니다! 좋은 게임 감사해요!,4.8,2021년 1월 12일
1,스타듀 밸리 Stardew Valley,김세은,진짜 너무너무 재밌고 좋은데 멀티가 안되는게 너무 아쉽다. (진짜 멀티있으면...짱인데..) 스듀 리텍 편하게 하게끔 따로 설정하는 곳이 있으면 좋겠다. 이거만 되면 대박인데.. 그래도 너무 재밌어서 밤새서 하게되는...그냥 사서 하는거 나쁘지 않음 고민중이면 바로 사서 해보세요.,5,2021년 1월 11일
2,스타듀 밸리 Stardew Valley,안소연,게임에 돈 쓴 건 처음이에요 게임 딱 시작할 땐 뭐 어쩌라는 거야 싶었는데 블로그 찾아보면서 하니까 하면 할수록 재밌고 진짜 너무 재밌어요! 돈 안 아깝습니다 진짜! 짱이에요ㅠㅠ,5,2021년 1월 12일
3,스타듀 밸리 Stardew Valley,쿠시로,돈을 쓰면서 까지 사고싶었던 게임은 이 게임이 처음입니다. 사서 플레이 하고있는데 진짜 아깝지 않아요ㅠ 너무 잘만든 게임입니다~!,5,2021년 1월 12일
4,스타듀 밸리 Stardew Valley,톰과주예리,조작법이 불편하다는 리뷰가 있던데 참ㅋㅋ 설정에 들어가보신적이 없으신건지 조작법만 몇개를 고를수가 있는데 편한걸로 골라쓰세요ㅋㅋㅋ 암튼 이런 갓겜은 진짜 흔히 볼수가 없어요 게다가 가격까지 다운해줘서 더 좋은듯 게임도 pc랑 차이도 없고 확실히 잘만든게임인것 같아요🙂 진짜 무엇보다 재미가 있어!! 요즘 광고에나 뜨는 거지같은 게임들이랑 차원이 다르게 계속해도 쉽게 질리지가 않는 갓ㅡ겜임 ㄹㅇ,5,2021년 1월 8일
5,스타듀 밸리 Stardew Valley,ᄋᄋ,게임에 돈쓴건 처음이에요! 업데이트가 컴보다 느리지만 왠만한 게임보다 훨 재밌고 뛰어난 것 같아요 근데 정말 안 까는걸 추천드림. 한번 빠져들면 밤낮 바뀔 정도 ㅋㅋ ㅇㄴ 근데 컴이 업뎃될동안 모바일은 싹다 날라가서 바닐라로 살아야하는데 큰 단점..이었지만 사랑해요 몇달 존버해야할 줄 알았지만 몇주만에.. 바로 리텍 깔러 갑니다 ❤❤❤ 리뷰도 이렇게 길게 쓴건 처음은 무슨 속아버렸네,5,2021년 1월 7일
6,스타듀 밸리 Stardew Valley,블랙스타,"잘 플레이 하고있는데요 오늘 겜들어가 보니까 데이터가 전부 날라갔거든요? 딴건 상관없는데 하나만 복구좀 해주세요ㅡㅡ 그저께 까진 살아있었는데 방금 들어가보니 다 사라졌어요, 진행도가 가장 높은것만 복구좀 부탁드려요. 진짜 재미있게 하던거라 더 짜증나고 빡쳐요 그것만 복구해주세요 26일까지요, 이정도면 시간 넉넉하잖아요? 진짜 집업글도하고 건물도짓고 도서관도 반은 채웠는데 너무 짜증나네요ㅡㅡ 고쳐주실거라 믿어요, 3개 다복구 해달라는것도 아니고 1개 잖아요. 가능하죠?",5,2021년 1월 12일
7,스타듀 밸리 Stardew Valley,김승,"♥️장점 1. 어디서든 가능(데이터 없어두 됨.) 2. pc버전이랑 비슷한데 색다른 재미를 느낄 수 있음. 3. pc는 나무랑 돌 캘때 도끼랑 곡괭이 바꾸며 함. 근데 모바일은 터치만 해도 알아서 도구 바꿔서 캐줌.(편함) 4. 스듀 지웠다가 다시 깔았는데 다시 불러오기 가능함.(난 갤럭시 A8임. 딴 폰은 되나?) 5. 화면을 손가락으로 모았다가 넓혔다가 축소 확대가 가능함.(pc는 되나? 안해봐서 몰겠음) 6. 클릭한 자리로 자동 이동임.(편하긴 함. 근데 가끔 빙빙 돌아갈때도 있음;;) 7. 자동 광산 전투 라서 광산에서 자동...
전체 리뷰",3,2021년 1월 7일
8,스타듀 밸리 Stardew Valley,ᄌᄉᄇ,컴터랑 폰이랑둘다. 잘즐기고있는. 유저입니다. 다좋고 재미있게플레이하는데. 약간의 오류가있는것같습니다. 밤늦게. 자려고. 집에들어가니. 애완동물인. 고양이가. 집안에서. 길을막고있어. 현관에서벗어날수없어서. 잠을자지못하고 새벽2시가되어 쓰러졌습니다. PC에서는. 전진버튼을계속눌러. 고양이를 건들이면 고양이가. 일어나서 비켜주는데. 모바일은 집안쪽에들어갈려고 안쪽을 눌러도 아예못가는곳으로 취급하는지. 고양이가 길을안비켜줘서 잠들지못하고 시간만낭비했습니다. 이러한 자잘한차이도고려해서 즐거운모바일 스타듀를 만들어주시면 좋을것같습니다.,4,2021년 1월 10일
9,스타듀 밸리 Stardew Valley,YEJIN PEON,"스듀의 좋은점 1.힐링게임이다. 2.쉽게 질리지 않는다 (대부분의 사람이 공감) 3.스토리가 섬세하다 4.여러 미션들이 있어 재미있게 즐길수 있다. 5.호감도를 쌓아 연애,결혼이 가능하다(동성가능) 6.돈을 벌때 느끼는 쾌감이 장난아니다. 7.미스터리함도 약간?들어있다. 8.자신의 취향대로 여러 리텍이 가능하다. 9.게임속 마을을 1개 뿐만이 아닌 새로운 마을또한 생성이 가능하다.(마을 분류 여러가지) 10.자신의 취향대로 본인의 캐릭터를 꾸밀수 있다 11.농사게임을 좋아하시는 분들이 하기 좋다. 12.농사뿐만이 아닌 목축산업,주류...
전체 리뷰",4,2020년 12월 28일
10,스타듀 밸리 Stardew Valley,여성현,"가끔하다가 끊기는 현상이 발생하기는 하는데, 그런점만 빼면 괜찮고 재밌습니다. 그렇지만 컴퓨터 버전에는 협동모드가 있는데 핸드폰 버전에는 협동모드가 없는 것이 아쉽습니다. 만들어 주시면 감사하겠습니다.",5,2021년 1월 8일
11,스타듀 밸리 Stardew Valley,달숨,망할 낚시...빨리 잡히는 것도 아니고 걸리고 잡히는 것도 아니고 힐링이 순식간에 개빡침 스트레스로 만들어버리는 이 낚시 시스템. 결국 유저들이 파일 조작까지 하게 되는 이 망할 낚시 좀 어떻게 좀 해주세요. 돈 내고 다운 받았는데 난이도 밸런스 붕괴시켜버리는 이 낚시 하나때문에 제가 파일을 조작해야 할까요? 모바일 낚시 난이도 미쳐버렸네 진짜. 왜 이따구로 만든걸까 유저들 힐링말로 그냥 돌아버려라 이건가. 그냥 지워버릴까,5,2021년 1월 12일
12,스타듀 밸리 Stardew Valley,에껚,이 게임은 미쳤습니다. 완전 재밌고 가격도 싼데다 퀄리티도 매우 높습니다. 친구의 추천을 받아서 확 질렀는데 후회가 없었습니다. 강추입니다. 더 할말 없고 그냥 고민된다 싶으면 다운받으세요. 후회 전혀 안합니다,3,2020년 12월 24일
13,스타듀 밸리 Stardew Valley,똥싸는 모기,정말 재밌게 하고 있는데 갑자기 어느 순간부터 새소리나 걷는소리는 들리는데 BGM이 안 나오기 시작했습니다. 주점같은데 들어가면 원래 BGM이 나오는데 갑자기 안 나옵니다. 뭐 잘못 눌렀나 해서 게임설정에도 들어가봤는데 딱히 뭐 누른것도 없었습니다. 계절이 바뀔때마다 나오는 음악과 가게에서 나오는 음악도 들으며 힐링하고 있었는데 어느순간부터 안 나오니까 당황스럽네요. 버그면 고쳐주시길 바랍니다. 생각보다 꽤 많이 불편합니다.,5,2021년 1월 1일
14,스타듀 밸리 Stardew Valley,밤하늘,"말이 필요없다. 본래 9000원 가량의 게임이었던거로 기억하는데 어느샌가 6000원으로 가격이 내려갔다. 게임의 퀄리티로 보면 9000원 값 충분히 하는데..뭐 싸지면 더 많은 사람들이 해보고 스타듀의 매력을 느낄 수 있을테니...그것은 중요하지 않다. 이 게임은 간단한 도트 그래픽 게임이다. 혹자는 이렇게 말할지도 모른다. 도트? 그거 너무 옛날 게임 아냐? 확실히 요즘 나오는 그래픽이 화려한 게임에 비해 도트 그래픽은 옛날 느낌이 난다. 그렇다고 그래픽이 안좋다는 것이 아니다. 도트만이 느낄 수 있는 그 매력을 확실히 표현해놨다...
전체 리뷰",4,2020년 11월 29일
15,스타듀 밸리 Stardew Valley,전유찬,저는 이게임은 정말 재미있어요 근데 처음 할때 낚시 알려주는거를 좀더 보강해야됄거 같아요 그러니깐 뭐 손가락 터치 모션이나 이런걸로 유도하여 알려주는 방식 저도 낚시 알려주는 거에선 쉽지만 그다음에 혼자 할려니깐 낚시가 잘 안돼서 저는 유튜브로 낚시하는것을 배웠어요그러니 꼭 낚시알려주는 거를 보강해 주세요,5,2020년 12월 27일
16,스타듀 밸리 Stardew Valley,붕어빵냥이,멀티지원해주세요. 이게임을 깐 이유가 동생과 같이 하려고 깐거였는데 멀티가 없어서 조금은 실망했습니다. 하지만 지금은 꼭 멀티가 아니여도 잘 플레이하고 있습니다.다음 업데이트에 멀티가 되길 바라고 기대하겠습니다.,5,2020년 12월 21일
17,스타듀 밸리 Stardew Valley,Min,"일단 여러분 계절 별로 키울 수 있는 작물들이 모두 다릅니다. 여름에키웠던 작물이 가을이 되면 썩어버립니다. 통발은 미끼를 장착(?) 해야지 잡히죠^^ 낚시도 계속 하시면 쉽습니다. 자신만에 방법을 찾기 때문이죠^^ 그러니 발작하지 말고 한 번 더 고민해 주세요^^ 9900원 가량에 2019년 여름 쯤 구매한 사용자 입니다. 첫 시작 유저에게는 불친절한 게임이지만 아무래도 SNS로 유입된 유저들이 많아서 큰 문제는 없어보입니다. 질릴때 쯤이면 모드도 따로 깔아서 할 수 있으니 나쁘지 않은 게임입니다. 호불호가 있을 수 있는 게임이지...
전체 리뷰",5,2020년 12월 25일
18,스타듀 밸리 Stardew Valley,남강,재밌어요! PC때 어려웠던 광산전투도 자동이라 좋구요. 다만 소지품창이 꽉 찼는데 주변에 아이템이 있으면 렉걸린듯한 소리가 납니다. 그리고 3년차까지 열심히 했었는데 폰을 바꾸니 기존 세이브파일이 없더라고요. 불러올 수 없나요? ㅠㅠ 너무 열심히 한 파일인데,5,2020년 12월 3일
19,스타듀 밸리 Stardew Valley,Google 사용자,진짜 이 게임은 추천드립니다 농장에서 여러가지 종류의 과일을 판매하고 가정도 만들고 아이도 낳고 돈도 모으고 도트감성을 좋아하시는 분들께 추천드립니다 진짜 힐링되고 너무나 좋은게임 입니다 🤍🤭 몇가지 단점이 있다면 친구들과 함께 할 수 없다는 단점과 PC 버전 스타듀밸리는 업데이트가 빠른데 모바일은 느리다는 사실이 있습니다 그래도 너무나 재밌고 힐링되는 게임 유료라서 고민되신다면 그냥 꼭 사세요 다들 재밌게 하실 수 있을것 같네요 !!!!!,5,2020년 12월 25일
20,스타듀 밸리 Stardew Valley,Bob Kim,"무친게임입니다. 최근에 한 모바일게임중 제일재밌어요. 그래픽이나 싱글/멀티 유무와는 상관없이 게임의 본질 스토리 등등이 얼마나 중요한지 깨달았습니다. 정말 세심하게 잘만드셨고, 미리 돈내고 시작하는게 훨씬 맘편하네요. 현질유도 없으니 운영하는데 크게 어려운게 없습니다. 강추!!",5,2020년 11월 30일
21,스타듀 밸리 Stardew Valley,하동,모바일 스듀 유저인데 폰을 바꾸니 기존에 있던 데이터들이 다 사라졌더군요.... 혹시 복구할 수 있는 방법이 있나요?,5,2021년 1월 12일
22,스타듀 밸리 Stardew Valley,이지우,다 좋은데요 건물 이동할 때 화면 오른쪽 부분은 터치가 안돼서 그쪽으로 옮길수가 없어요. 너무 불편해요. 수정해주시면 감사하겠습니다.,5,2021년 1월 7일
23,스타듀 밸리 Stardew Valley,negoc my,"♥ 낚시는 처음시작하면 던질때 캐릭이 이상한데로 가서 화나죠? 캐릭터입장에서 내가 던지고 싶은 곳을 캐릭터와 ♡가까이♡터치하시면 됩니다. ♥ 통발은 미끼를 넣으셔야 잡힙니다. 초록색칸이 아닌 육지를 터치해주세요. ♥ 낚시터는 명당이 있소이다. 검색하면 나오더이다. ♥ 인벤토리확장은 잡화점에서 파시는 빨간가방 3000(2000원이던가?)에 파며, 그 다음은 파란가방(10000원)에 팝니다. ♥겨을이 되면 목축식구들 밥을 얻을 수 없습니다. 미리 밥을 모아놓읍시다. 밥 따로 상자에 넣고 싶으시면 터치할 때 ♡여물들지마시고♡ 다른칸터치하...
전체 리뷰",4,2020년 12월 9일
24,스타듀 밸리 Stardew Valley,Chohee Kim,"악마의 게임. 근데 멈출 수가 없어요ㅠㅠ 알람 설정해놓고 하는 게임은 이게 처음... 일상생활 불가능하게 만들고 내가 효율성을 따지는 한국인이고, 핸드폰과 동화되어 밥 굶으면서 게임을 할 수 있다는걸 알게해준 게임",5,2020년 12월 16일
25,스타듀 밸리 Stardew Valley,가자미,사용기종: 노트10) 이벤트가 발생할 때 첫장면에서 멈춰있는 경우가 많아요..ㅠㅠ 킵하거나 재시작하는 방법 밖에 없네요. 제발 고쳐주세요ㅠㅡㅠ + 인어쇼 조개누르는 부분만 렉이 너무 심함,5,2021년 1월 6일
26,스타듀 밸리 Stardew Valley,김다영,우선 너무 재밌고 항상 잘 하고 있습니다 근데 한가지 아쉬운 점 낚시를 못 하겠더라고요ㅠ 아무리 열심히 해 봐도 안 돼요ㅠ 그 점은 좀 고쳐 줬으면 좋겠어요ㅠ 그건 빼고는 다 좋아요,2,2020년 12월 21일
27,스타듀 밸리 Stardew Valley,이예라,음..저만 그런건지 모르겠지만 주민들과 대화 하려고 하는데 대화를 할수가 없더라구요 그래서 이것저것 다 해봤는데 그냥 포기하고 환불하려고 했는데 제거가 있고 환불을 못 해서 버그인지 모르겠네요 돈만 날아간것 같아요 그래서 별점 4개 드립니다 게임은 재미있는데 대화 할때 너무나 불편합니다..ㅠㅠ,4,2021년 1월 11일
28,스타듀 밸리 Stardew Valley,김태경,5000원도 안하는 가격에 이게임을 구매해서 한다는게 너무 기쁠 정도로 갓겜이네요. 구매하세요 지금 당장. 한가지 아쉬운 점은 pc버전에서 되는 것들이 여기선 안되는게 좀 많아요..,4,2020년 12월 22일
29,스타듀 밸리 Stardew Valley,미카세아,pc로 이미 500시간을 넘겼는데 바닐라가 그리워서 검색해봤는데 역시나 가격이 많이 떨어졌길래 구매합니다 고마워요 가격 내려줘서♡ 모바일도 pc도 열심히해야징ㅋㅋㅋ,4,2020년 12월 29일
30,스타듀 밸리 Stardew Valley,lucy,농사도 재미있고 호감도 올리는것도 그닥 어렵진않아서 정말 재미있는 힐링게임인것 같아요. 그런데 낚시 할 때 물고기를 얻는게 넘 어려워요 ㅜㅜ 물었다 떠 가주고 누를려고 했는데 그냥 놓쳤더라구요...? 쓰레기도 넘 많이 나오구ㅜㅜ 차라리 골동품 같은곳이 있으면 팔기라도 하지...낚시 좀 쉽게 해주세요 ㅜㅜ,5,2020년 12월 18일
31,스타듀 밸리 Stardew Valley,빈지노,설정에 들어가서 설정 초기화를 할수있는 기능이 있으면 좋겠다. 화면 확대 축소 기능을 두손가락으로 하는거랑 볼륨 올리고 내리는 식으로도 할수있게 되면 좋겠다 그게 필요하다,4,2020년 12월 18일
32,스타듀 밸리 Stardew Valley,sulmy설미,돈을내고사야하는겜이긴하지만 좋습니다 네트워크가 필요하지않아도 할수있는거에 개인적으로 정말 좋다고생각합니다 그래픽도 괜찬고 호감도 올리는것도 쉬운편입니다 게임잘샀다고 느껴지네요!,5,2020년 12월 23일
33,스타듀 밸리 Stardew Valley,박예은,제발 멀티 가능하게 해주세요..ㅠㅜ 멀티만 가능하면 별점 5인데.. 진짜 거의 매일 중독이다 싶이 하거든요 몇 시간은 후딱 갈 정도인데.. 멀티만 가능하게 해주세요..,5,2021년 1월 4일
34,스타듀 밸리 Stardew Valley,콘프리,너무 재밌어요 농사만 하는 단순한 게임이 아니라 서로 결혼하고 아이 키우고 너무 재밌게 플레이하고있어요~ㅎ더 추가 돼었스면 좋겠는 부분은 모바일도 멀티가 있었으면 더 좋겠네요,4,2020년 12월 23일
35,스타듀 밸리 Stardew Valley,노석현,"플레이타임, 재미 대비 가격 효율이 너무 좋음 컴은 1.5 업뎃 한거같던데 모바일도 빨리 해줬음 좋겠음 그리고 1.5보다 모바일 멀티 좀 제발 추가해주세요 제발ㅠㅠ",5,2020년 12월 23일
36,스타듀 밸리 Stardew Valley,바바야옹,초반에 자본이 없어 힘들다고 느낄 수 있는데 우린 한국인이고 수많은 공략이 이미 존재함 (농사할때 스프링 쿨러. 허수아비 배치도 등등) 진짜 유튜브와 공략 영상보고 1년 반쯤에 10만원 모았는데 참 공략이 친절하고 세세하게 다 되있어서 진입장벽이 많이 낮음 힐링겜+컨텐츠 많음=해볼만한 게임,5,2021년 1월 6일
37,스타듀 밸리 Stardew Valley,조예준,일단 너무 좋은 게임인것 같아요! 근데 PC 스타듀벨리 보다 업데이트 진도는 느린것 같아요... 이건 차차 나중에 업데이트 되리라 믿습니다.,5,2021년 1월 2일
38,스타듀 밸리 Stardew Valley,-이테,다른건 다 터치가 되지만 갑자기 움직일 수가 없게 되었어요ㅜㅜ 폰 껐다 다시 켜고 계정 새로 만들어도 다 안움직이네요ㅜㅜ잘 되다가 갑자기 왜 이러는지 확인 좀 부탁드려요..,5,2021년 1월 1일
39,스타듀 밸리 Stardew Valley,ᄋᄀ,진짜 제가 찾던 게임이에요 정말 재밌는데 컴퓨터처럼 친구들과 함께할 수 있는 모드가 있었으면 좋겠어요 완벽합니다 이 게임!!,2,2021년 1월 6일
40,스타듀 밸리 Stardew Valley,태형바라기,제작자님 멀티만들어주세요. 동생이랑 같이 농장 꾸미고싶어요 멀티 꼭! 만들어주세요^^스타듀밸리 하루하루 매일 재미있게 하고있어요^^ 그런데 버그가 있어요. 젤리랑 와인의 이름이 영어로되어있는데 해결해주세요 그리고 호감을 올리다보면 스토리뜨잖아요. 가끔 스토리 진행이 안돼요ㅠ 스킵도 안되고 해결해주세요. 좋은하루되세요^^,5,2021년 1월 1일
41,스타듀 밸리 Stardew Valley,Chucklefish Limited,"너무제미있었다 제작자님! 유튜브에제작자님채널만들어서 가이드,tmi등올려주세여 이깨임꼭까삼 역사에남을명작임 제작자님!앞으로도재미있는게임만들어주세요!!! 파이팅!! 2021업데이트는멀티 월드2게만들면1게사라지는버그수정헤주시면 ☆5게",5,2020년 2월 10일
42,스타듀 밸리 Stardew Valley,예성이의유튜브,스타듀밸리는 제가 이런류의 게임을 좋아하는데 너무 좋은거 같아요 근데 멀티가 안됀다는 것이 좀 아쉬워요 멀티되게 해주세요,4,2021년 1월 1일
43,스타듀 밸리 Stardew Valley,할거없는인간,확실히 돈주고 산게 아깝지 않는 게임입니다. 다만 자잘한 버그가 있네요 이건 계속 업데이트해서 보안해야할듯,4,2020년 12월 27일
44,스타듀 밸리 Stardew Valley,하이,답답해요... 지도보면.. 길이 ㄷㄷ 머리아픔.. 해변에 잇는 만나러가야하눈데 길도 못찾고 ㄷㄷ 따라가기 기능할슈잇게 해주세요... 클릭하면 알아서 따라가기로... 답답 ㄷ,5,2020년 12월 26일
45,스타듀 밸리 Stardew Valley,하소소,"재밌어요 힐링 게임중에서 가장 재밌는 것 같아요 다만 아쉬운점이 몇가지 있어요 1. 스토리가 나오는데 화면이 다른 곳을 보고 있어요 2.사막에 있는 도박이 안되는 것 같아요 폰도 이미 바꿨어서 저의 폰 문제는 아닌 것 같고 새롭게 시작해도 안됬어요 당연히 카드를 얻은 상태입니다 3.리텍이나 모드를 더 쉽게 할수있었으면 좋겠어요 마크처럼 리텍이나 모드를 다운 받고 클릭 몇번으로 하면 좋겠어요 빼기 쉬우면 더 좋고요 4.폰을 바꾸면 이전에 했던 것이 날아가고 다시 처음부터 해야하는게 아쉬워요 평생 이폰을 쓸수도 없는데... 혹시 방법이...
전체 리뷰",3,2020년 12월 31일
46,스타듀 밸리 Stardew Valley,에베벱• 500년전,정말 다 좋은데 진짜 너무너무 재미있고 좋은데 친구하고 같이 플레이가 안된다는게 너무너무너무너무너무 아쉬워요ㅠㅠㅠ 진짜루ㅠㅠ 너무 같이 하고 싶은데ㅠ,4,2020년 11월 19일
47,스타듀 밸리 Stardew Valley,보농,게임에 버그가 생긴 것 같습니다. 인어쇼도 아무리 암호대로 눌러도 안 나오고 카지노 같은 곳도 게임 자체를 할 수가 없어요 해결 좀 해주세요,4,2020년 12월 21일
48,스타듀 밸리 Stardew Valley,권순송,옛날에 구매했는데 폰을 바꾸면서 다시 설치하려니까 돈 내야한다고 하네요. 구매내역에도 안 뜨고 개임 내 구매복구도 없고 다시 돈 내라해서 일단 돈 냈습니다. 다른 유료게임은 설치가 뜨는대 이것만 돈내라해서 업댓비용인가 하고 멍청하게 생각해서ㅋㅋ 결제해버렸네요. 과거 제가 구매한 걸 확인하신다면 재구매한 값은 환불해주셨으면 합니다. 9천원대 일때 한번 사고 지금 또 사려니까 어이없고 진짜 무슨 업뎃 비용인가 싶네욬ㅋㅋㅋㅋㅋㅋㅋ확인 꼭 부탁드립니다.,1,2020년 12월 26일
49,스타듀 밸리 Stardew Valley,샤넛,이런게임 진짜 안하는데 호감도올라가거나 수확할때 저도 모르게 뿌듯해져요 호감도 올리기도 쉽고 낚시도 해보다보니 쉽더라구요☺,1,2021년 1월 1일
50,스타듀 밸리 Stardew Valley,상자,일단 그래픽은 좋고 게임 플레이는 잘되는데 퀘스트도 물론이고 전반적으로 지루하네요 다시 지울수도 없고..,5,2020년 12월 24일
51,스타듀 밸리 Stardew Valley,IN,"너무 재미있고 오랜만에 돈주고 사기 괜찬은 게임 찾은거 같아서 기쁘고요 진짜 사는거 후회는 없을 거같은데 솔직히 조작도 쉽고 간편하고 들고다니면서 금방금방 들어갈수 있다는게 컴이랑 다른점인데 별 5개 주고 싶은데 친구랑 같이 협동이 않돼더라고요 이거 때문에 4개로 합니다 빨리 업데이트 해서 친구랑도 할수있는 협동을 할수 있게 됐으면 좋겠내요 . 그외는 너무 재미있고 다양한 컨텐츠와 마음의 힐링을 줄수있는 게임입니다 이거 농사게임이라고 생각하기엔 던전도 있고 결혼도 사회생활도 할수있는 갓겜 중에 갓겜이라고 생각돼고요 진짜 아까 앞에서...
전체 리뷰",3,2020년 12월 15일
52,스타듀 밸리 Stardew Valley,성재민,확실히 재밌습니다 그런데 아쉬운점이있어요! 멀티 플레이가 돼면좋겠습니다! 친구와 같이할려고 같이 다운했는데 막상 설치후에보니 멀티가 안돼서 실망스러웠어요ㅠ 그거만 해주시면 좋을것같습니다!,4,2020년 11월 13일
53,스타듀 밸리 Stardew Valley,「보ྉ미」,진짜 돈이 아깝지가 않은 게임입니다..스토리도 좋고 힐링게임 느낌이라서 재미있게 플레이하고 있습니다 ! 그런데 모바일버전은 협동이 없어서 많이 아쉽네요 ㅠ 모바일도 협동 추가해주시면 좋을것같아요 !!,4,2020년 11월 23일
54,스타듀 밸리 Stardew Valley,--,다좋은데 낚시 좀 어떻게 해주시죠? 낚시 하라고 만든거에요? 아니;;; 물고기를 낚을 수 있어야 낚시지. 100번해서 2번 성공하는데 이게 힐링게임이에요?,5,2020년 11월 25일
55,스타듀 밸리 Stardew Valley,나우주정복할,솔직히 돈내고 할만하긴 한데 멀티플레이하고 모드까는것좀 개선해주세요. 멀티플레이는 그렇다 쳐도 모드는 진짜 까는것도 어렵고 이해도안되는데 모드까는곳도 모바일 따로 만들어주시거나 모드를 쉽게 적용할수있는 앱을 만들어주시면 더 좋을것같네요,2,2020년 12월 26일
56,스타듀 밸리 Stardew Valley,바다,"스타듀밸리 3번 산사람 여기있읍니다(스팀, 아이패드, 폰). 진짜 잘만든 힐링 도트게임이에요. 배경음악도 너무 좋고... 꾸준한 컨텐츠 추가도 돼서 진짜 좋아요. 적응기간좀 거치면 환장하고 하게 됨... 플레이하기에 피씨가 젤 편하긴 합니다. 스마트폰 버전은 전투가 좀 힘들어요... 날라다니는 장어 패는게...",3,2020년 11월 18일
57,스타듀 밸리 Stardew Valley,Jean Yoo,진짜 재미있습니다..근데..업데이트를 너무 늦게늦게 합니다..새로운 과일 농사를 계속 원하는데..여전히 업데이트는 안되고 있습니다..,5,2020년 11월 8일
58,스타듀 밸리 Stardew Valley,상추쌍쭈,(모바일) 사막에 있는 카지노 드디어 들어갔는데 토큰을 1100개 샀는데에... 게임 어떻게 시작하나여 검색했는데 안나오고 클릭 해봤는데 게임 시작이 안되서...,4,2020년 12월 13일
59,스타듀 밸리 Stardew Valley,̊토끼민아,모바일로 했는데 매우 재밌었습니다.근데 3년차 돼니 매일 듣던 노래도 안들리고 혹시나해서 새게임으로 해봐도 문제가 풀리지 않습니다. 설정도 꼼꼼히 다 찾아서 소리를 키웠어도 똑같습니다. 이 부분이 아쉬웠습니다.,3,2021년 1월 5일
60,스타듀 밸리 Stardew Valley,ER T,이거 재미없을줄 알았는데 완전 재미있어요 이거 리뷰 봤을때 재미있다는 사람이 많아서 깔았는데 재미있내요ㅎㅎ 그리고 일주일 그쯤 되면 질리는데 한달을해도 일년을해도 재미있어요 취양마다 달르겠지만 저는 재미있내요 스토리 도 재미있고 그리고 재작자는 몄수 앞을 본건지 다 스토리가 있어요 ㅎㅎ,4,2020년 11월 28일
61,스타듀 밸리 Stardew Valley,파란토끼,제가 친구 들이랑 현질을 해서 스타듀 밸리 라는게임을 찾았습니다. 그런데 온라인 이 안돼서 아쉬었습니다.빨리 개설좀 해주십시오.,5,2020년 12월 7일
62,스타듀 밸리 Stardew Valley,sung woon kim,"오늘처음했는뎅..너무 재밌어서 연속으로 6시간동안 했아염.. 마지막에 튕긴건 그만좀 하라구 튕긴건가 ㅋㅋ 아근데 구매할때 4,900원이여서 깊콘 샀는뎅 제가 깊콘사자마자 5,900원으로 바뀐거 있쪄..ㅠㅠ 그래성 하나 더 샀어욤..ㅇㅅㅇ 그래도 너무 재밌으니 후회가 안되네욤... 게임중독자가 되고싶으시면 구매하세염.. 미쳣어욤 ㄷㄷ 모두 까세여~",4,2020년 12월 28일
63,스타듀 밸리 Stardew Valley,최유정,처음엔 환불하고 싶었는데 계속하면서 리텍도 하고 입맛별로 바꾸면서 플레이 하다보니 진짜 시간 가는 줄 모르겠어요ㅠㅜㅠㅠ ㄹㅇ 인생 갓겜입니다 모바일에 멀티만 들어오면 더 이상 바랄게 없을 것 같아요,5,2021년 1월 2일
64,스타듀 밸리 Stardew Valley,̊복어,전날 몇시간이나 재밌게 게임을했는데 저장하고 오늘 다시하려고 게임을 켰는데 저장된 시점에서 다시 진행을하려는데 캐릭터가 움직이질 않아요; 게임도 다시 나갔다 들어와보고 폰도 재부팅도해보고 다해봤는데 똑같네요 다시 시작하자니 그동안 꾸미고 한게 너무 허망하고 의욕이 안나네요 어찌된건가요?,5,2020년 11월 14일
65,스타듀 밸리 Stardew Valley,갱쨩,재밌기는 한데 멀티 플레이를 할 수가 없어서 불편해요... 멀티 플레이 기능도 넣어주세요,3,2020년 12월 23일
66,스타듀 밸리 Stardew Valley,이점상,다 좋은데 버그가 좀 있는 거 같아요 해골광산 20층 가라는 퀘가 있었는데 어느순간 없어졌더라고요ㅠㅠㅠ 미스터치 퀘 하고 싶은데... 고쳐주세요..,4,2020년 12월 28일
67,스타듀 밸리 Stardew Valley,이주혜,모바일로도 스타듀벨리 협동하기가 됐으면 좋겠습니다. 모바일로 협동이 안됀다는것이 문제점 입니다. 그것만 빼면 완전 갓겜!,4,2020년 12월 1일
68,스타듀 밸리 Stardew Valley,슈라마녀,다 좋은데 멀티가없어서 아쉽습니다. 친구랑 할려고 깔았는데 멀티는 컴퓨터만 돼더라고요 멀티만 있으면 완전 강추!,3,2020년 11월 15일
69,스타듀 밸리 Stardew Valley,델라 Della,캐릭터 리텍을 제가 못해서 남자캐릭터나 여자 캐락터가 좀 예쁘게 나왔음 합니다ㅜ 비싸게 주고 샀는데 캐릭터가 그나마 나은게 여캐들이라 캐릭터 업뎃 빨리해드리길 바래요!리텍파일 압축해제 않하고 그냥 앱에 들어가서 다운받으면 리텍 바로 되는 앱 1개 생겼음하네요!,4,2020년 12월 29일
70,스타듀 밸리 Stardew Valley,밍하,"아무튼 재밌음. 원래는 좀만 해보고 재미없으면 환불하려했는데, 하다보니 너무 재밌더군요^^ 그래서 계속하게됐네요. 꾸준한 업뎃으로 더 크게되길^^",4,2020년 12월 30일
71,스타듀 밸리 Stardew Valley,현,"욕하는 사람들 이게임이 대규모라 고치는게 힘들수도있잖아요 그러니 조금만 기다려보시는개 어떨까요? 아무튼 이겜은 제 최애겜 마크가 차애고 제가 농사게임을 좋아하거든요 막 사람들하고 소통하고 NPC들하고 친해지고 야생하고 그런걸좋아해서 마크나 모동숲을 사랑하는데 뭐 모동숲?마크? 전 필요없음니다 이 게임만있으면 7시간 차타고가야하는 삼촌집도 이게임 하다보면 시간이 빨리가서 제가 어지간하면 아빠왜이렇개 빨리도착해?라고 말했습니다.. 일단 이 게임은 와이파이없이해서 너무 좋아요ㅠ 걍 테블릿 하고 스위치만 챙기면 뭐 여행가도 전혀 지루하지않...
전체 리뷰",5,2020년 12월 1일
72,스타듀 밸리 Stardew Valley,하유,재미있긴하지만 계정연동이 있었드면 좋겠네요... 원래폰으로 게임하다가 다른 폰으로 바꾸니 전에 엄청키워놨던 마을이 사라졌더라구요 다시는 이런일 없도록 계정연동이있었으면 좋겠네요...,5,2020년 12월 14일
73,스타듀 밸리 Stardew Valley,하윱,재밌게 플레이하고 있는데 왜 지하실 숙성고에 있는 숙성통에 에러가 있는지 숙성할 수가 없네요.. 진짜 짜증나서 건의합니다,5,2020년 11월 4일
74,스타듀 밸리 Stardew Valley,유서영,유툽보고 공략법배워서 이제 좀 알아가고있는데요 장점은 호기심무궁무진한거같긴해요 단점은 24시가 넘 짧아요. 컨트롤이 왔다갔다함. 낚시말인데요 모바일은 넘 어려워요,5,2020년 12월 30일
75,스타듀 밸리 Stardew Valley,최유리,너무너무 다좋고 이쁘고 다좋은데 ㅠㅠ같이플레이하기가있었으면 좋겠습니다ㅠㅠ 친구랑 같이할려고 모바일로 깔았는데 못하니 정말 아쉽습니다 ㅠㅠ 같이플레이가됐으면 좋겠네요,3,2020년 12월 12일
76,스타듀 밸리 Stardew Valley,멘마,예전에 pc로만하다 세일하길래 구매했는데 넘 재밌게 하고 있습니다. 모바일 조작이 불편하다고 들었는데 낚시할 때 빼곤 터치펜으로 하니 편해요~,4,2020년 11월 26일
77,스타듀 밸리 Stardew Valley,Cynthia Lee,개발자님 멀티플레이 그리고 구글 세이브 백업기능도 만들어주세요 게임을 지우다가 설치를 세이브파일 소멸하게 됩니다,5,2020년 11월 12일
78,스타듀 밸리 Stardew Valley,이니셜D,시간 가는줄 모르게 하는 게임 이네요. 하지만 모바일에 멀티가 없어서 아쉽네요. 멀티가 나왔으면 좋겠습니다..,1,2021년 1월 12일
79,스타듀 밸리 Stardew Valley,김미선,후훗 엄청 재밋어여! 강추!!함다 이 겜 좀...중독성이 있다고 해야하나? 쨋든 엄청 재미있게 플레이 하고 있어요! 그럼👋,5,2020년 11월 8일
80,스타듀 밸리 Stardew Valley,장보민,너무 재미있고! 좋아요!! 진짜 후회가 안들어용! 다만 리텍이 적용하는데 안되서 빨리 새버전이 나오면 좋겠네요ㅠ 감사해요! 재미있게 플레이합니다 ~^^!,4,2020년 11월 24일
81,스타듀 밸리 Stardew Valley,첼린,조작키 변경 하고 게임하면 렉 걸리는것좀 빨리 어떻좀 해주세요 그것때문에 계속 했던거 다시하고 있잖아요 진짜 개 빡치니까 빨리 해결좀,5,2020년 12월 27일
82,스타듀 밸리 Stardew Valley,임준서,게임은 정말 재미있어요.... 근데 제가 이번에 폰을 업데이트 하면서 뭘 잘못했는지 제 사랑스러운 6년차 농장이 사라졌어요.... 겜은 정말 즐겁습니다. 추천해용,2,2020년 12월 30일
83,스타듀 밸리 Stardew Valley,햇님달님,잘만든게임..모바일은 업데이트 안하시나요? pc버전이랑 달라서 연동이 안되는데,5,2020년 11월 25일
84,스타듀 밸리 Stardew Valley,areum yu,이거 폰으로 삿는데.태블릿으로는 똑같이 6000원이 뜨는데 왜 다운로드가.안되는건가요.. 태블릿은 다운이안되네요 따로 업데이트를 해야되나요,5,2020년 12월 27일
85,스타듀 밸리 Stardew Valley,지읒,스트레스 없이 평화롭게 게임하고 싶다면 추천 !! 컨텐츠도 다양해서 지루하지 않아요~,4,2020년 11월 20일
86,스타듀 밸리 Stardew Valley,지금,여태껏 플레이한 농장게임 중 최고입니다. 급박하게 깨야 하는 미션 없이 느긋하게 즐길 수 있어서 더욱 좋아요.,5,2020년 12월 23일
87,스타듀 밸리 Stardew Valley,조혜원,게임은 재밌습니다. 피에르 가게에 부케가 들어왔다고 했는데 보이질 않아요 버근가요??,5,2020년 12월 13일
88,스타듀 밸리 Stardew Valley,김채원,재밌는데 망할 개 좀 그냥 통과되게 해주시면 좋겠습니다 맨날 밤돼서 집으로 뛰어가는데 집문 앞에 개가 항상 몸으로 막고있어서 못들어가고 그냥 거기서 탈진해 쓰러지는 경우 진짜 많습니다 고쳐주세요 진짜,4,2021년 1월 11일
89,스타듀 밸리 Stardew Valley,다락방,PC 똑같아요!! 근데 아쉬운점은 멀티가 안되는게 많이 아쉬워요...멀티가 되도록 업데이트 부탁드려요..,4,2020년 12월 3일
90,스타듀 밸리 Stardew Valley,_쿠키,진짜 가끔 동물한테 말 무한대로 걸어지는 버그 진짜 화나네요..... 어쩔 수 없이 종료해야하는데 그날하루 다 나라가서 너무 화나네요,4,2020년 12월 19일
91,스타듀 밸리 Stardew Valley,최지헌,정말 재미 있습니다 다양한 캐릭터랑 이벤트나 다 좋아요 진짜 정말 좋은 게임 입니다♥♥٩ ˊᗜˋ 강추강추!!!,3,2021년 1월 9일
92,스타듀 밸리 Stardew Valley,AH LI,진짜 거의 하루 10번 합니다 (10번은 아니지만 그만큼 엄청 한단 소리) 정말 재밌고 좋습니다 이렇게 완벽한건 처음이에요 하지만 모바일로 낚니가 조금 어렵더라고요 저만 그럴수 있어도 초보자가 하기 어려워요ㅠ 그래도 진짜 좋습니다 중독성도 최고고 감사합니다 처음엔 커트롤이 다소 불편했지만 자주 하니 익숙해졌네요,5,2020년 12월 22일
93,스타듀 밸리 Stardew Valley,헤헤,광산의 몬스터의 데미지가 갑자기 3배정도 올라갔어요. 초창기때 부터 있던 버그같은데 해결해주세요.,5,2020년 11월 27일
94,스타듀 밸리 Stardew Valley,최광혁,최근 친구가 추천해서 구매했는데 심심할 때 하다 보면 지루하지도 않고 재밌는 것 같아요! 하루라도 빨리 모바일에 멀티 모드가 나왔으면 좋겠네요!,3,2020년 12월 11일
95,스타듀 밸리 Stardew Valley,-구독계,다 좋습니다만. 그 사막 도박장인가 거기선 한국말 패치가 안되어 있어서 그런지 도박게임을 못합니다. 빠른패치 부탁드립니다.,5,2020년 11월 7일
96,스타듀 밸리 Stardew Valley,퀘이사,저 2틀 전쯤에 구매 했는데 환불이 안되요 한번도 플레이 안하고 설치도 안랬는데 환불 되나요,4,2020년 11월 18일
97,스타듀 밸리 Stardew Valley,유한영,초반 유저에 대한 배려의 튜토리얼이 없어서 계절이 30일마다 바뀌는지도 몰라서 번들여는게 좀 더딘 게임. 낚시 시스템이 pc판보다 어려움,5,2021년 1월 2일
98,스타듀 밸리 Stardew Valley,이승환,기대하고 샀으나 매우매우 실망입니다. 환불 요청합니다. 게임적 허용이 1도 없어 작물이 손해보는 일이 많습니다. 동굴도 아래층으로 가는 길은 돌로 막혀있을 뿐 아니라 에너지는 시간이 지나면 회복되지도 않습니다. 환불요청합니다,4,2020년 12월 10일
99,스타듀 밸리 Stardew Valley,야옹아멍멍해,퀄리티가 상당히 좋습니다 가끔보면 살짝 렉?끊기는경우가 좀 있는데 플레이에 큰 영향을 주진않습니다^_____^,1,2020년 11월 13일
100,스타듀 밸리 Stardew Valley,고추장,한번 해보다가 안할거같아서 삭제 했었는데 자꾸 생각나서 다시 깔았어요. 이번에는 꾸준히 계속 해볼게요.,5,2020년 12월 14일
101,스타듀 밸리 Stardew Valley,슈르르까,이 게임 사고 한번ㄷ 후회한 적 없음 절대 아깝지 않은 가격 지금 백시간짼데 절대 안질림 이벤트도 많고 할 것도 많고 너무 재밌음 친구들한테 추천중 너무 늦게 안 게 아쉽다,4,2020년 12월 13일
102,스타듀 밸리 Stardew Valley,박선우,진짜 완전 재밌으니까 할까말까 고민하면 그냥하세요 퀘스트 완료 후 골드도 주면서 너무 너무 재밌어요 RPG게임좋아하시는분 이겜꼭하세요 진짜 진짜 겁나재밌어요 파티날도있어서 완전완전 재밌습니다,5,2020년 11월 22일
103,스타듀 밸리 Stardew Valley,주빵,이거 진짜 졸라게 재밌는데 왜안하는지 모르겠음 롤이랑 전혀 다른게임이지만 모바일게임이 롤못지않게 재밌는듯 삼만원에 판매해도 구매의사있음,5,2020년 11월 15일
104,스타듀 밸리 Stardew Valley,hater born,1.5 업데이트는...되기만 기달리고 있습니다 넘 좋고 재밌는데...모바일도 1.5업데이트 해주었으면 좋겠습니다,5,2021년 1월 11일
105,스타듀 밸리 Stardew Valley,달달한사탕공주님,게임이 불친철해요 미션내용만 알려주고 어떻게 진행해야되는지 그런거 안알려줌 예)허수아비 제작하시오 -> 허수아비 어디서제작할수있는지 찾으러다녀야됨 길찾기도 어려워서 첨시작할때 겁나헤멧네요 ㄱㅡ,5,2020년 12월 31일
106,스타듀 밸리 Stardew Valley,이hyun,이 게임 진짜 추천함! 유튜브보고 시작했는데 사고 후회하면 어쩌나했는데 전혀후회안함!! 제가 원래 끈기없어서 게임이 일주일만에 질리는데 2~3개월 넘게함. 적극추천함!,4,2020년 12월 13일
107,스타듀 밸리 Stardew Valley,린케아,너무너무너무너무너무너무 재밌게 사용하고 있는 유저입니다.ㅠㅠ ㄹㅇ 제 인생 게임이에요.ㅠㅠ 강추!!,5,2020년 11월 5일
108,스타듀 밸리 Stardew Valley,Hazelzaple,남자캐릭터 초상화도 좀 이쁘게 만들어 주세요! 너무 삭은 느낌이에요,5,2021년 1월 12일
109,스타듀 밸리 Stardew Valley,민트초코아이스크림,언제.. 업데이트.. 다 좋은데 pc보다 훨씬 업데이트 느린 점은 정말ㅠㅠ,4,2020년 12월 18일
110,스타듀 밸리 Stardew Valley,공공공,"다 좋고 재미있는데, 저만 그런 건지 모르겠지만 바다에 게잡이통발이 안 던져져요 ㅜㅜ 강이나 호수, 연못에 넣을 때처럼 게잡이통발 누르면 연두색 네모칸은 뜨는데 바다 어디에도 놓을 수가 없어요 ㅜㅜ 혹시 이게 버그인지 한 번 확인해주실 수 있나요?",5,2021년 1월 8일
111,스타듀 밸리 Stardew Valley,s sj,멀티플레이멀티플레이멀티플레이멀티플레이멀티플레이멀티플레ㅇ..멀티플레이 추가해주시면 좋겠습니다,5,2020년 12월 6일
112,스타듀 밸리 Stardew Valley,응억ᄀ아악ᄀᄀ 흑역사,ㄷ..다좋은데..다좋은데!! 다좋은데!!!!! 캐릭터 리텍만 해조오..얼굴 바꿔줘어어 8ㅂ8 바꿔달라고오오옥!!,4,2020년 12월 27일
113,스타듀 밸리 Stardew Valley,_유나̌̈,역시 갓겜.. 혼자 만들었다는게 상상이 되지 않음.. 근데 모바일 업데이트도 좀 해줬으면 하는 바람이 있음.,3,2020년 12월 3일
114,스타듀 밸리 Stardew Valley,미니어몽,진짜 사면 후회안함... 살면서 이렇게 재밌는 게임을 본 적이 없다... 만원이여도 다시 사라면 살 것 같은 게임,5,2021년 1월 3일
115,스타듀 밸리 Stardew Valley,예해.,게임은 너무 중독성있고 좋아요 ㅠㅠ 너무 아쉬운게 모바일은 멀티플레이 지원이 안되는게 너무 아쉽네요,5,2020년 12월 26일
116,스타듀 밸리 Stardew Valley,강민정,대체 멀티 언제 가능해지죠? 기다린게 1년은 지난것같습니다 멀티만 기다리면서 비쌀때샀더니 가격이 내렸네요 뭐 이런,4,2020년 11월 27일
117,스타듀 밸리 Stardew Valley,sso k,재미있기는 한데 모바일은 업데이트가 정말 느립니다ㅠㅠ카지노도 할 수 없어요ㅠㅠ,3,2020년 12월 8일
118,스타듀 밸리 Stardew Valley,ᄋᄋᄋ,이 게임 스타듀 밸리는 힐링게임이구요 ㅠㅠ 돈때문에 불만이신 분들은 유튜브에 스타듀 밸리 영상치시고 퀄리티다 보세요 너무 좋습니다. 이 게임 추천합니다아어어엉,5,2020년 12월 28일
119,스타듀 밸리 Stardew Valley,៖,진짜 잼있음 이건 돈 안아깝다 한 번쯤 빠져도 될 겜 중 하나입니다!!!,5,2020년 12월 20일
120,스타듀 밸리 Stardew Valley,하균,PC로하다 안드로이드에서도 사서 해봤는데 예상보다 훨신 이식이 잘되어 있네요 심지어 세이브파일하던것도 그대로 옮길 수 있고 정말 좋습니다!,5,2020년 12월 29일
121,스타듀 밸리 Stardew Valley,doun 1025,전부 좋습니다 그런데...... 멀티플레이만 추가해주시면 더 좋을것 같습니닷 \@^^@/,5,2020년 11월 5일
122,스타듀 밸리 Stardew Valley,아랑이귀여워,몇몇 글자가 아직 *로 가려져 있어요. 그리고 캐릭터 재워서 저장했는데 종종 안 돼있어요,5,2021년 1월 6일
123,스타듀 밸리 Stardew Valley,꾸꿍네,진짜 재밌어요 리뷰 좋길래 질러봤는데 처음엔 뭐가 뭔지 모르다가 금방 알겠더라구요 전 깐지 일주일도 안됬는데 2년차 봄 찍고 가정도 꾸렸어요 정말 재미있습니다 혹시라도 리뷰보고 고민하시는 분들 고민하지말고 까세요 6000원에 가치가 있는 게임입니다 돈이 전혀 안아까워요,5,2020년 12월 23일
124,스타듀 밸리 Stardew Valley,은비,진짜 재밌습니다 그런데 조이스틱+자동공격도 있었으면 좋겠네요,5,2020년 11월 24일
125,스타듀 밸리 Stardew Valley,안성민,진짜..ㅠㅠㅠㅠ진짜 재밌는데 멀티도 됐으면 좋겟어요ㅠ ㅠㅠㅠㅠ 멀티 추가해드리면 빼돌린 별 하나 돌려드림,5,2020년 12월 27일
126,스타듀 밸리 Stardew Valley,ᄋᄋ,게임은 재미가있는데 멀티가 없는게 좀 아쉽네요 멀티모드좀 빨리 만들어 주세요,4,2020년 11월 13일
127,스타듀 밸리 Stardew Valley,잠만보게임,재밌게 하였지만 저의 취향에는 맞지않는 거 같아서 대략 산지 4일만에 환불하고싶은데 하는 방법을 알려주실 수 없을까요..,4,2020년 12월 1일
128,스타듀 밸리 Stardew Valley,김지민,"추가결제가 없어서 좋고 적응기간만 극복하면 결제구걸,광고구걸 게임들 쳐다도 안보게 됨",5,2021년 1월 11일
129,스타듀 밸리 Stardew Valley,박창규,"이거살까 밀까 고민이신 분들, 무조건 사세요. 솔직히 이만큼 안질리는 게임 모바일엔 없음. 나 요즘 이게임에 빠져살음",5,2020년 11월 12일
130,스타듀 밸리 Stardew Valley,시공이,게임이엄청 재밌어요 소원하나 적고가요 버스타고 도시로가서 가게운영가능하게해주세요 거기소득매달 우편으로들어오고 도시물품직접가서 사오고 조금더 광활하게 넓어졌으면 3만원이여도 또살게요 ㅠㅠ 음식만들어서 도시에가서 레시피로 판매하고 가게늘리고 도시생활+농장생활되게 만드면 역사적인게임될거같아요 온라인이면더좋고요 ㅠ 카지노도있길래 가능할거같아서 적고가요,5,2020년 11월 24일
131,스타듀 밸리 Stardew Valley,최수인,너무좋았어요진짜진짜로 모바일트랙터모도하는법은뭘를지만그래도너무좋아요 👍👍👍👍👍평점5게 주고갑니당~,5,2020년 12월 3일
132,스타듀 밸리 Stardew Valley,최동률,쓰레기통에서 구리쓰레기통 업그레이드하고 이틀뒤에 쓸 수 있는데 구리쓰레기통으로 안바뀌고 아이템창에 들어가 있어요 버그있나봐요,5,2021년 1월 3일
133,스타듀 밸리 Stardew Valley,김소현,"다 좋은데요 , 잠드면 저장하는 중에 자꾸 응답하지 않는다고 뜨네요. 이거 좀 고쳐주세요",4,2020년 11월 16일
134,스타듀 밸리 Stardew Valley,뉴비,루이스동상 마을 중앙에 설치했는데 없어짐 루이스집에도없고 마니집에도 없는데 버그인가요? 해결방법좀,3,2020년 12월 30일
135,스타듀 밸리 Stardew Valley,박도담,"옷 제작할때 재료에 무지개 껍데기 넣으면 오류나요 ,,ㅜㅜ",4,2021년 1월 1일
136,스타듀 밸리 Stardew Valley,Elle,그냥 짱이에요.. 힐링게임 개싫어해서 돈 아까울려나..했는데 진짜 너무 재밋어요 와이파이 없어도 되서 몰폰하기도좋음ㅠㅜ,4,2021년 1월 3일
137,스타듀 밸리 Stardew Valley,공주님,"저는 광질이 재밌고, 몬스터 잡는걸 좋아하는 11살 입니다. 월래는 15세 이상이지만 저는 유튜브보고 너무 못참겠어서 시작했는 데...친구랑 할라니간 막히드라고요 제발 같이하게 해주세오 ㅠㅡㅜ 유일한 게임이 마크,스타뷰밸리인데 부탁해여 ㅠㅠ",5,2020년 12월 13일
138,스타듀 밸리 Stardew Valley,이윤냥,이것저것 해봐도 스타듀만한 게임 없음! 심즈처럼 커스텀을 더 쉽게 해주시면 더 난리날것같아요!,4,2020년 11월 27일
139,스타듀 밸리 Stardew Valley,뭄무,현재 6년째 봄을 달리고 있었는데 ㄹㅇ 재미있음 솔찍히 말해서 컴보다는 못함 멀티 만 있으면 좋겠다 ㅜㅜㅜㅜ 제발 ㅜㅜ,5,2020년 11월 12일
140,스타듀 밸리 Stardew Valley,애기공룡요1리,게임은진짜 너무재미있는데요 온라인상으로 두명이상이같이했으면 좋겠습니다 업데이트좀 부탁드리니다,5,2020년 12월 10일
141,스타듀 밸리 Stardew Valley,숲도리,할려고 할때 캐릭터를 누르면 검은화면이뜨고 시작배경음이 오르골처럼 들려요 빨리 수정해주세요,5,2020년 12월 12일
142,스타듀 밸리 Stardew Valley,아르늄,너무나도 재밌는 게임입니다 근데 모바일이라서 그런지 멀티가 안되서 아쉽네요ㅠㅠ,5,2020년 12월 13일
143,스타듀 밸리 Stardew Valley,로옐,진짜 고치라는것 좀 고치고 돈을 받아먹던지 하세요 1.통발 설치가 안되는거 고치고 2.저장 했는데 다시 들어가면 저장 안돼있어서 하루전으로 돌아가서 플레잉 해야되는거 고쳐요 6000원 받아가면서 이것도 안해줌??? 어이없네,5,2020년 11월 5일
144,스타듀 밸리 Stardew Valley,올뺌,솔직히 말하자면 폰 조작이 너무 어렵고 불편하네요ㅜ 그래서 전 폰보다 컴퓨터로하는 걸 추천드립니다! 폰으로하는거 진짜 개 쉽고 개 잼씀니다 굿굿,3,2020년 12월 10일
145,스타듀 밸리 Stardew Valley,BB C,"1년 넘게 멀티 기다리는데 안내줌, 낚시 컨트롤 힘듦, 노가다라 지루함. 1년차 여름까지만 하고 그뒤론 접속 안함.",4,2020년 11월 11일
146,스타듀 밸리 Stardew Valley,ᄋᄋ,너무 재미있어요 그렇지만 협동플레이가 있엇으면...... 좋겠습니다~!,1,2020년 12월 22일
147,스타듀 밸리 Stardew Valley,장지훈,저장해놓은 게임이 삭제되고 저장된 게임이 없다고 뜨네요 한두번 그런것도 아니고 재밌게 즐기고 있는데 계속 이러니 즐길 수가 없습니다,5,2021년 1월 8일
148,스타듀 밸리 Stardew Valley,흠믐므,모바일입니다. 멀티가가능하게되었으면좋겠어요,1,2020년 12월 19일
149,스타듀 밸리 Stardew Valley,에휴,옷을 잠깐 벗었는데 다시 안입어져요.. 환영의 제단도 갔다 왔는데도 옷을 못 입어요ㅠ,3,2021년 1월 12일
150,스타듀 밸리 Stardew Valley,양양YANGYANG,모바일 건물 이동이 안됩니다....매우 불편해요...ㅜㅜ,5,2021년 1월 9일
151,스타듀 밸리 Stardew Valley,비빔밥비빔밥,"스타듀밸리는 진짜 플레이, 그래픽, 컨트롤 다 좋은데 초상화 리텍스쳐 안하면 클남..",4,2021년 1월 10일
152,스타듀 밸리 Stardew Valley,슬기로운잡덕생활,분명 휴대폰으로 구매해서 피시로 녹스깔아서 할려니까 다시 구매하라고 뜨네요 구글계정도 분명 맞게들어갔는데..,5,2020년 11월 7일
153,스타듀 밸리 Stardew Valley,김해석,모바일이 난 더 조작이 쉽다 자동공격모드는 너무 잘 쓰고 있다,2,2020년 12월 20일
154,스타듀 밸리 Stardew Valley,박주은,협동맵은 있는데 협동플래이는 없네요...있으면 재밌게 할거 같은데..,5,2021년 1월 1일
155,스타듀 밸리 Stardew Valley,낑깡,물뿌리개 업그레이드 맡겼는데 안 돌려줘서 농사를 못 짓고 있어요 돌려줘요,5,2020년 11월 18일
156,스타듀 밸리 Stardew Valley,이지혜,확실히 힐링 게임 답네요 ㅎㅎ 시작 하기만 하면 멍~하게 하게 되더라구요~재밌네요,5,2020년 11월 21일
157,스타듀 밸리 Stardew Valley,Bling Bling,온라인 멀티모드 왜 안되나요?ㅠ 업뎃할때 멀티모드너어주세요ㅜㅜ (온라인으로),5,2020년 12월 25일
158,스타듀 밸리 Stardew Valley,벛꽃라덴,말해뭐해 유명한 게임은 이유가 있다 시간가는줄 모르고 하게되는 몇안되는 게임이다,5,2020년 11월 12일
159,스타듀 밸리 Stardew Valley,난나난나,낫이나 삽같은 기본템 사라지는 버그 언제 고칠건가요?,5,2020년 12월 16일
160,스타듀 밸리 Stardew Valley,s h,하도 사람들이 재미있다고 하시길래 포인트로 구매해봅니다!!재밌다고 하니깐 별 5점 주고 시작하겠습니다!,1,2021년 1월 4일
161,스타듀 밸리 Stardew Valley,복싱맨.,이 게임이 좋기는 하지만 아이를 입양할때 남자아이 아니면 여자아이를 선택할 수 있는 시스템이 있으면 더 좋을 것 같아요,5,2021년 1월 4일
162,스타듀 밸리 Stardew Valley,온양,이거 한 번 환불 한번 그 다음에 사고 취소 해도 안되나용??제가 한 번 취소 하고 실수로 구매해버렸어요...환불을 요구합니다....ㅠㅜㅠㅜ,5,2020년 11월 8일
163,스타듀 밸리 Stardew Valley,꽃복,실수로 환불되서 다시 사려고 하는데 왜 안될까요 ㅠㅠ,1,2020년 11월 30일
164,스타듀 밸리 Stardew Valley,연탄,멀티되는줄알고 샀는데 안된다니 환불안되나요? 맵은 멀티용있던데 왜만들어놓은건지... 피시용도샀는데.... 참...,5,2020년 12월 1일
165,스타듀 밸리 Stardew Valley,주승규,다 좋은데 멀티플레이 가능하게 해주세요ㅠㅠㅠㅠ,1,2020년 12월 13일
166,스타듀 밸리 Stardew Valley,귀욤미멈뭄미,1인 인디게임 개발자가 몇년간 만든 성과가 보인다 기업이 만들어도 이만큼 못 한다 개발자님이 직접 음악을 제외한 모든 것을 외주없이 다 하셨는데도 돈이 아깝지가 않다,5,2020년 12월 15일
167,스타듀 밸리 Stardew Valley,두루두루두루쳐버리기,집문앞 개좀 치워주세요 문근처에서 길을 막아서 못들어가요 그것 빼고 좋아요,5,2020년 11월 21일
168,스타듀 밸리 Stardew Valley,오파닥,주민들의 얼굴이 컴퓨터 버전 얼굴로 바뀌면 개인적으로 좋겠네요,4,2020년 12월 31일
169,스타듀 밸리 Stardew Valley,정효니,모바일로 하는 유저인데 모바일은 멀티가 안되네요.,5,2021년 1월 12일
170,스타듀 밸리 Stardew Valley,한송원,온라인에서 농사짓는 모든 사람들을 위한 최고의 힐링 (또는 공장 노가다) 게임,4,2021년 1월 4일
171,스타듀 밸리 Stardew Valley,apple 0924,오류가 자꾸나서 그날 했던일이 전부 사라져서 짜증나요,5,2021년 1월 7일
172,스타듀 밸리 Stardew Valley,배배배배배배배배배배배배배배배배배배배베배배,모바일도!!!!! Pc처럼!!! 업데이트 쫌 많이 해조라!!! 1.5 스타듀밸리!!! 모바일로도 하고싶다!!! Please update new mode stardew valley like PC stardew,3,2020년 12월 20일
173,스타듀 밸리 Stardew Valley,김은지,역시 꿀잼! 모드 쉽게 깔게 해주시고 멀티플레이도.. 부탁드립니다,5,2020년 12월 25일
174,스타듀 밸리 Stardew Valley,A,이게임은 좋습니다만..동생이 이게임을사고환불을했는데 4개월이 지나고 무료가 되어있는것인데...그것좀 고쳐주세요...,5,2020년 11월 14일
175,스타듀 밸리 Stardew Valley,_ Haan,할 때 마다 시간가는 걸 모르겠어요 ㄹㅇ 인생 갓겜 제 시간을 이 겜에 갈아넣는 중 근데 모드가 안돼요,1,2020년 12월 11일
176,스타듀 밸리 Stardew Valley,eun Mr.,게임 산거 후회 않될만큼 퀄리티 좋고 힐링 되여~근데 낚시가 넘 어려워요ㅜㅜ,5,2020년 11월 23일
177,스타듀 밸리 Stardew Valley,ko adra1201,아이템잃는거 때문에 별하나에요 좋은거 다얻었는데 죽어가지고 아이템좋은거 잃어서 진짜 휴대폰던질뻔했습니다 개똥갬이네요,5,2020년 11월 13일
178,스타듀 밸리 Stardew Valley,일단만화,카지노 슬롯머신이 터치가 안되네요..왜 이러죠?,1,2020년 12월 23일
179,스타듀 밸리 Stardew Valley,엄인경,제가 가징 재밌게한 게임이에요 근데 저버그가 있어요 광산 에 들어가면 자꾸 나가져요 어트케 않대나요?,2,2021년 1월 4일
180,스타듀 밸리 Stardew Valley,김성호,환불 요청합니다 잘못 구매 했습니다 환불해주세요..,4,2020년 11월 17일
181,스타듀 밸리 Stardew Valley,이민호,너무너무 재미고 한글로 도 잘되여 있어 너무 재미있어요,3,2021년 1월 1일
182,스타듀 밸리 Stardew Valley,일조손,다 좋긴 한데 모바일로 같이 할 수 있었으면 좋겠어요! 업데이트도 해주세요!!,5,2021년 1월 5일
183,스타듀 밸리 Stardew Valley,브린Brin,너무 재밌어요ㅠㅠ 근데 모바일은 리텍이 어려워서 슬프네요..... 나도예쁜셰인... 그래도 재밌습니다 애비게일이랑 연애중///,5,2020년 12월 26일
184,스타듀 밸리 Stardew Valley,멍청한고갱,다 좋은데 멀티좀 빨리 추가해주세요 현기증난단 말이에요,5,2020년 12월 29일
185,스타듀 밸리 Stardew Valley,공도현,너무 재미 있지만 가끔 튕겨버려서 아쉬워요!,5,2020년 11월 23일
186,스타듀 밸리 Stardew Valley,민선,제가 실수로 스타듀밸리 파일을 지웠는데 계정으로 복구할수없나요? 제가.정말 열심히 키운 계정인데..,4,2020년 11월 29일
187,스타듀 밸리 Stardew Valley,쫑쫑이,재밌긴한데 테블릿pc로받으려고하니 돈을 다시 내라고하네요 이부분개선부탁드립니다.,5,2020년 11월 10일
188,스타듀 밸리 Stardew Valley,소유,넘나 재밌는것 !! 근데 컴퓨터는1.5로 업데이트했는데 모바일은 아직 업데이트 안하나여?,2,2020년 11월 20일
189,스타듀 밸리 Stardew Valley,dal wall,멀티를 해서 같이 협동할 수 있게 해주세요 혼자하니 너무 외로워요,5,2020년 12월 24일
190,스타듀 밸리 Stardew Valley,카이저,힐링도 되고 진짜 재밌음!!! 멀티만 나오면 완벽 ㅠ,5,2021년 1월 11일
191,스타듀 밸리 Stardew Valley,방구,스타듀벨리 모바일편과 dc편 모두 하고있는 유저입니다 이번에 bc편 업글했던데 모바일은 언제하나요? 차별이 늦겨지는 순간입니다 공짜 겜도아니고 구매하는겜인데 업데도 똑같이 해야지 너무 차이가 크네요,5,2020년 12월 9일
192,스타듀 밸리 Stardew Valley,4둥이엄마,엄청 재미있는 게임입니다 노가다가 심한거 빼면 짱잼이에요!,1,2020년 12월 23일
193,스타듀 밸리 Stardew Valley,그림그리는 까치,시작자체가 안되는데요??? 키보드입력이 아예 안돼요. 이름농장이름좋아하는거 입력,5,2021년 1월 6일
194,스타듀 밸리 Stardew Valley,인프피퓨린,너무너무 재밌는데 멀티 추가해 주시면 좋을것 같아요ㅠㅠㅠㅠ,1,2021년 1월 2일
195,스타듀 밸리 Stardew Valley,뚜루뚜,멀티가 불가능 한게 아쉽네요 ..,4,2020년 12월 6일
196,스타듀 밸리 Stardew Valley,트헿헤,음...일단환불이 안돼긴하는데재미있습니다,4,2020년 12월 16일
197,스타듀 밸리 Stardew Valley,오영숙,픽셀게임을 좋아세해 해봤는데 조작감 빼고는 다 좋네요,4,2020년 12월 10일
198,스타듀 밸리 Stardew Valley,상무,멀티모드가 없어서 재미가 반감되네요,5,2020년 11월 4일
199,스타듀 밸리 Stardew Valley,오송희,이 게임은 다 재밌는데 모바일에선 멀티가 안되는게 아쉽,4,2021년 1월 6일
